trade_id,type,entry_time,exit_time,entry_price,exit_price,pnl_usd,reason
1,SHORT,14:12:39,14:12:40,82856.02,82864.01,-0.80,MEAN REVERSION TARGET (0.5 sigma)
2,LONG,14:12:45,14:12:57,82874.91,82870.01,-0.49,MEAN REVERSION TARGET (0.5 sigma)
3,SHORT,14:12:57,14:12:57,82873.09,82884.83,-1.17,MEAN REVERSION TARGET (0.5 sigma)
4,SHORT,14:13:03,14:13:06,82891.45,82898.21,-0.68,MEAN REVERSION TARGET (0.5 sigma)
5,SHORT,14:13:13,14:13:26,82905.06,82905.72,-0.07,MEAN REVERSION TARGET (0.5 sigma)
6,LONG,14:13:36,14:13:37,82904.72,82898.60,-0.61,MEAN REVERSION TARGET (0.5 sigma)
7,LONG,14:13:37,14:13:38,82896.61,82896.47,-0.01,MEAN REVERSION TARGET (0.5 sigma)
8,SHORT,14:13:39,14:13:39,82896.47,82894.68,0.18,MEAN REVERSION TARGET (0.5 sigma)
9,LONG,14:13:40,14:13:40,82890.09,82888.00,-0.21,MEAN REVERSION TARGET (0.5 sigma)
10,LONG,14:13:46,14:13:48,82882.46,82882.43,-0.00,MEAN REVERSION TARGET (0.5 sigma)
11,SHORT,14:13:48,14:14:06,82883.14,82886.41,-0.33,MEAN REVERSION TARGET (0.5 sigma)
12,SHORT,14:14:19,14:14:19,82888.00,82899.75,-1.18,MEAN REVERSION TARGET (0.5 sigma)
13,LONG,14:14:32,14:14:32,82905.72,82908.87,0.31,MEAN REVERSION TARGET (0.5 sigma)
14,SHORT,14:14:32,14:14:32,82915.04,82916.39,-0.14,MEAN REVERSION TARGET (0.5 sigma)
15,SHORT,14:15:09,14:15:29,82922.74,82929.98,-0.72,MEAN REVERSION TARGET (0.5 sigma)
16,LONG,14:15:31,14:15:36,82924.01,82921.99,-0.20,MEAN REVERSION TARGET (0.5 sigma)
17,SHORT,14:15:40,14:15:40,82916.83,82915.03,0.18,MEAN REVERSION TARGET (0.5 sigma)
18,LONG,14:15:40,14:15:41,82910.00,82910.00,0.00,MEAN REVERSION TARGET (0.5 sigma)
19,SHORT,14:15:51,14:16:28,82910.01,82910.00,0.00,MEAN REVERSION TARGET (0.5 sigma)
20,SHORT,14:16:33,14:16:33,82910.77,82922.86,-1.21,HARD STOP LOSS
21,SHORT,14:16:33,14:16:34,82922.86,82927.72,-0.49,MEAN REVERSION TARGET (0.5 sigma)
22,LONG,14:16:44,14:16:44,82930.00,82935.08,0.51,MEAN REVERSION TARGET (0.5 sigma)
23,SHORT,14:16:44,14:16:45,82940.76,82947.46,-0.67,MEAN REVERSION TARGET (0.5 sigma)
24,LONG,14:16:55,14:16:58,82960.91,82956.85,-0.41,MEAN REVERSION TARGET (0.5 sigma)
25,SHORT,14:16:58,14:17:00,82956.85,82969.21,-1.24,HARD STOP LOSS
26,SHORT,14:17:00,14:17:05,82969.34,82974.01,-0.47,MEAN REVERSION TARGET (0.5 sigma)
27,LONG,14:17:13,14:17:17,82984.00,82979.94,-0.41,MEAN REVERSION TARGET (0.5 sigma)
28,LONG,14:17:17,14:17:18,82976.80,82976.01,-0.08,MEAN REVERSION TARGET (0.5 sigma)
29,SHORT,14:17:18,14:17:19,82976.00,82974.10,0.19,MEAN REVERSION TARGET (0.5 sigma)
30,LONG,14:17:30,14:17:32,82970.01,82970.63,0.06,MEAN REVERSION TARGET (0.5 sigma)
31,SHORT,14:17:46,14:17:47,82973.71,82982.01,-0.83,MEAN REVERSION TARGET (0.5 sigma)
1,LONG,14:30:01,14:30:01,82961.99,82954.45,-0.75,MEAN REVERSION TARGET (0.5 sigma)
2,SHORT,14:30:02,14:30:03,82954.44,82962.47,-0.80,HARD STOP LOSS
3,SHORT,14:30:03,14:30:03,82968.01,82976.01,-0.40,HARD STOP LOSS
1,SHORT,14:45:03,14:45:03,82879.13,82879.99,-0.09,MEAN REVERSION TARGET (0.5 sigma)
2,LONG,14:45:25,14:45:26,82932.00,82924.00,-0.80,HARD STOP LOSS
3,LONG,14:45:45,14:45:45,82942.01,82943.87,0.09,MEAN REVERSION TARGET (0.5 sigma)
4,SHORT,14:46:04,14:46:04,82953.57,82962.01,-0.84,HARD STOP LOSS
5,LONG,14:46:28,14:46:30,82924.00,82920.00,-0.40,MEAN REVERSION TARGET (0.5 sigma)
6,SHORT,14:46:46,14:46:51,82844.01,82852.01,-0.40,HARD STOP LOSS
1,SHORT,15:08:01,15:08:01,82625.23,82633.36,-0.81,HARD STOP LOSS
2,LONG,15:08:25,15:08:26,82623.10,82620.01,-0.31,MEAN REVERSION TARGET (0.5 sigma)
3,LONG,15:08:48,15:08:52,82616.46,82614.78,-0.08,MEAN REVERSION TARGET (0.5 sigma)
4,SHORT,15:13:55,15:13:56,82662.00,82660.21,0.04,MEAN REVERSION TARGET (0.5 sigma)
5,SHORT,15:14:11,15:14:13,82647.99,82647.19,0.08,MEAN REVERSION TARGET (0.5 sigma)
6,LONG,15:14:29,15:14:37,82638.61,82631.97,-0.66,MEAN REVERSION TARGET (0.5 sigma)
7,SHORT,15:14:59,15:15:00,82619.97,82628.00,-0.80,HARD STOP LOSS
8,LONG,15:15:16,15:15:28,82646.01,82644.01,-0.10,MEAN REVERSION TARGET (0.5 sigma)
1,SHORT,16:31:26,16:31:31,83022.18,83029.43,-0.73,MEAN REVERSION TARGET (0.5 sigma)
2,SHORT,16:31:48,16:31:48,83010.80,83019.00,-0.82,HARD STOP LOSS
3,SHORT,16:32:13,16:32:14,82988.02,82996.02,-0.40,HARD STOP LOSS
4,LONG,16:37:22,16:37:29,83038.01,83033.99,-0.10,MEAN REVERSION TARGET (0.5 sigma)
5,SHORT,16:42:29,16:42:56,82985.31,82985.29,0.00,MEAN REVERSION TARGET (0.5 sigma)
6,SHORT,16:43:12,16:43:13,82974.00,82982.01,-0.80,HARD STOP LOSS
7,LONG,16:44:02,16:44:13,82984.01,82982.01,-0.20,MEAN REVERSION TARGET (0.5 sigma)
8,LONG,16:45:01,16:45:01,82990.51,82982.01,-0.43,HARD STOP LOSS
9,LONG,16:50:11,16:50:11,82988.00,82992.76,0.12,MEAN REVERSION TARGET (0.5 sigma)
10,LONG,16:50:30,16:50:47,82985.29,82984.01,-0.13,MEAN REVERSION TARGET (0.5 sigma)
11,LONG,16:51:24,16:51:39,82986.81,82980.00,-0.68,MEAN REVERSION TARGET (0.5 sigma)
12,SHORT,16:52:01,16:52:04,82978.01,82984.00,-0.30,MEAN REVERSION TARGET (0.5 sigma)
13,LONG,16:57:05,16:57:05,83012.00,83004.00,-0.20,HARD STOP LOSS
14,SHORT,17:02:16,17:02:25,83009.81,83011.70,-0.05,MEAN REVERSION TARGET (0.5 sigma)
15,SHORT,17:07:41,17:07:41,83048.76,83056.01,-0.18,MEAN REVERSION TARGET (0.5 sigma)
1,SHORT,17:09:44,17:09:45,83070.01,83070.00,0.00,MEAN REVERSION TARGET (0.5 sigma)
2,SHORT,17:10:01,17:10:01,83070.01,83070.00,0.00,MEAN REVERSION TARGET (0.5 sigma)
3,LONG,17:10:16,17:10:21,83085.34,83077.30,-0.80,HARD STOP LOSS
4,LONG,17:11:29,17:11:41,83074.01,83075.34,0.13,MEAN REVERSION TARGET (0.5 sigma)
5,SHORT,17:12:00,17:12:08,83078.00,83086.00,-0.80,HARD STOP LOSS
6,LONG,17:12:25,17:12:29,83092.00,83084.00,-0.80,HARD STOP LOSS
7,LONG,17:13:04,17:13:05,83070.08,83069.47,-0.03,MEAN REVERSION TARGET (0.5 sigma)
16,LONG,17:13:04,17:13:05,83070.08,83069.47,-0.02,MEAN REVERSION TARGET (0.5 sigma)
8,SHORT,17:18:12,17:18:15,83020.00,83017.72,0.06,MEAN REVERSION TARGET (0.5 sigma)
17,SHORT,17:18:12,17:18:15,83020.00,83017.72,0.06,MEAN REVERSION TARGET (0.5 sigma)
9,LONG,17:18:27,17:18:30,83014.47,83006.33,-0.81,HARD STOP LOSS
18,LONG,17:18:27,17:18:30,83014.47,83006.33,-0.81,HARD STOP LOSS
10,SHORT,17:19:02,17:19:17,83005.05,83006.33,-0.13,MEAN REVERSION TARGET (0.5 sigma)
19,SHORT,17:19:02,17:19:17,83005.05,83006.33,-0.13,MEAN REVERSION TARGET (0.5 sigma)
11,LONG,17:19:24,17:19:29,83002.41,83002.00,-0.02,MEAN REVERSION TARGET (0.5 sigma)
20,LONG,17:19:24,17:19:29,83002.41,83002.00,-0.02,MEAN REVERSION TARGET (0.5 sigma)
12,SHORT,17:24:39,17:24:39,82981.09,82981.08,0.00,MEAN REVERSION TARGET (0.5 sigma)
21,SHORT,17:24:39,17:24:39,82981.09,82981.08,0.00,MEAN REVERSION TARGET (0.5 sigma)
13,SHORT,17:24:41,17:24:41,82981.09,82981.08,0.00,MEAN REVERSION TARGET (0.5 sigma)
22,SHORT,17:24:41,17:24:41,82981.09,82981.08,0.00,MEAN REVERSION TARGET (0.5 sigma)
14,SHORT,17:24:42,17:24:42,82981.09,82981.08,0.00,MEAN REVERSION TARGET (0.5 sigma)
23,SHORT,17:24:42,17:24:42,82981.09,82981.08,0.00,MEAN REVERSION TARGET (0.5 sigma)
15,SHORT,17:25:53,17:25:55,82993.19,82998.01,-0.48,MEAN REVERSION TARGET (0.5 sigma)
24,SHORT,17:25:53,17:25:55,82993.19,82998.01,-0.48,MEAN REVERSION TARGET (0.5 sigma)
16,SHORT,17:26:01,17:26:04,83002.00,83008.02,-0.60,MEAN REVERSION TARGET (0.5 sigma)
25,SHORT,17:26:01,17:26:04,83002.00,83008.02,-0.60,MEAN REVERSION TARGET (0.5 sigma)
17,LONG,17:26:08,17:26:11,83009.99,83012.00,0.10,MEAN REVERSION TARGET (0.5 sigma)
26,LONG,17:26:08,17:26:11,83009.99,83012.00,0.10,MEAN REVERSION TARGET (0.5 sigma)
18,LONG,17:26:56,17:27:00,83054.06,83050.00,-0.41,MEAN REVERSION TARGET (0.5 sigma)
27,LONG,17:26:56,17:27:00,83054.06,83050.00,-0.41,MEAN REVERSION TARGET (0.5 sigma)
19,SHORT,17:27:30,17:27:30,83057.11,83065.26,-0.81,HARD STOP LOSS
28,SHORT,17:27:30,17:27:30,83057.11,83065.26,-0.81,HARD STOP LOSS
20,LONG,17:27:33,17:27:44,83078.25,83083.53,0.26,MEAN REVERSION TARGET (0.5 sigma)
29,LONG,17:27:33,17:27:44,83078.25,83083.53,0.26,MEAN REVERSION TARGET (0.5 sigma)
21,SHORT,17:28:04,17:28:19,83082.00,83082.00,0.00,MEAN REVERSION TARGET (0.5 sigma)
30,SHORT,17:28:04,17:28:19,83082.00,83082.00,0.00,MEAN REVERSION TARGET (0.5 sigma)
31,LONG,17:29:23,17:29:45,83082.01,83080.00,-0.20,MEAN REVERSION TARGET (0.5 sigma)
32,SHORT,17:29:52,17:30:02,83081.25,83082.52,-0.13,MEAN REVERSION TARGET (0.5 sigma)
33,LONG,17:30:02,17:30:02,83074.00,83068.00,-0.30,MEAN REVERSION TARGET (0.5 sigma)
34,SHORT,17:35:04,17:35:04,83249.70,83250.01,-0.01,MEAN REVERSION TARGET (0.5 sigma)
35,SHORT,17:40:09,17:40:11,83492.22,83494.38,-0.05,MEAN REVERSION TARGET (0.5 sigma)
36,LONG,17:45:15,17:45:20,83343.71,83335.83,-0.20,MEAN REVERSION TARGET (0.5 sigma)
1,SHORT,17:50:52,17:50:52,83450.01,83458.29,-0.83,HARD STOP LOSS
37,SHORT,17:50:52,17:50:52,83454.37,83462.67,-0.21,HARD STOP LOSS
2,SHORT,17:50:52,17:51:00,83458.29,83466.14,-0.79,MEAN REVERSION TARGET (0.5 sigma)
3,LONG,17:51:05,17:51:10,83464.65,83458.06,-0.33,MEAN REVERSION TARGET (0.5 sigma)
38,SHORT,17:56:07,17:56:08,83283.58,83291.75,-0.20,HARD STOP LOSS
4,LONG,17:56:14,17:56:21,83299.97,83303.00,0.08,MEAN REVERSION TARGET (0.5 sigma)
5,SHORT,17:56:21,17:56:21,83315.07,83323.11,-0.80,HARD STOP LOSS
6,LONG,17:56:22,17:56:22,83350.78,83354.75,0.40,MEAN REVERSION TARGET (0.5 sigma)
7,SHORT,17:57:22,17:57:24,83358.05,83364.00,-0.59,MEAN REVERSION TARGET (0.5 sigma)
8,SHORT,17:57:38,17:57:38,83370.00,83378.00,-0.80,HARD STOP LOSS
9,LONG,17:57:46,17:58:04,83378.01,83372.95,-0.25,MEAN REVERSION TARGET (0.5 sigma)
39,SHORT,18:01:16,18:01:21,83322.16,83326.33,-0.10,MEAN REVERSION TARGET (0.5 sigma)
10,SHORT,18:03:40,18:03:40,83322.00,83328.01,-0.15,MEAN REVERSION TARGET (0.5 sigma)
40,SHORT,18:06:21,18:06:30,83406.65,83405.26,0.03,MEAN REVERSION TARGET (0.5 sigma)
41,LONG,18:06:30,18:06:30,83402.30,83394.01,-0.83,HARD STOP LOSS
42,LONG,18:06:31,18:06:32,83394.01,83392.02,-0.20,MEAN REVERSION TARGET (0.5 sigma)
43,SHORT,18:07:32,18:07:32,83384.00,83382.87,0.06,MEAN REVERSION TARGET (0.5 sigma)
44,LONG,18:07:33,18:07:44,83374.01,83370.37,-0.36,MEAN REVERSION TARGET (0.5 sigma)
45,LONG,18:07:55,18:07:58,83365.17,83362.56,-0.26,MEAN REVERSION TARGET (0.5 sigma)
46,LONG,18:08:36,18:08:36,83324.01,83325.99,0.10,MEAN REVERSION TARGET (0.5 sigma)
47,SHORT,18:09:02,18:09:24,83317.95,83325.99,-0.80,HARD STOP LOSS
48,LONG,18:09:25,18:09:46,83334.01,83326.01,-0.80,HARD STOP LOSS
1,LONG,18:18:25,18:18:25,83423.13,83426.57,0.34,MEAN REVERSION TARGET (0.5 sigma)
2,SHORT,18:18:42,18:18:45,83441.44,83444.88,-0.34,MEAN REVERSION TARGET (0.5 sigma)
3,LONG,18:19:07,18:19:13,83422.67,83414.16,-0.85,HARD STOP LOSS
4,LONG,18:19:35,18:19:50,83409.16,83409.16,0.00,MEAN REVERSION TARGET (0.5 sigma)
5,SHORT,18:20:43,18:20:53,83433.03,83436.33,-0.33,MEAN REVERSION TARGET (0.5 sigma)
6,SHORT,18:21:10,18:21:21,83437.11,83437.77,-0.07,MEAN REVERSION TARGET (0.5 sigma)
7,LONG,18:21:39,18:21:39,83426.24,83418.02,-0.41,HARD STOP LOSS
8,LONG,18:26:45,18:27:04,83540.80,83544.00,0.08,MEAN REVERSION TARGET (0.5 sigma)
9,LONG,18:27:34,18:27:36,83558.03,83561.92,0.39,MEAN REVERSION TARGET (0.5 sigma)
10,LONG,18:27:58,18:27:59,83612.99,83606.56,-0.64,MEAN REVERSION TARGET (0.5 sigma)
11,LONG,18:29:06,18:29:06,83585.77,83585.77,0.00,MEAN REVERSION TARGET (0.5 sigma)
12,LONG,18:29:29,18:29:50,83553.91,83555.79,0.19,MEAN REVERSION TARGET (0.5 sigma)
13,SHORT,18:30:18,18:30:21,83472.58,83481.36,-0.88,HARD STOP LOSS
14,LONG,18:31:38,18:31:39,83468.00,83460.00,-0.80,HARD STOP LOSS
15,SHORT,18:32:26,18:32:54,83439.73,83439.73,0.00,MEAN REVERSION TARGET (0.5 sigma)
16,SHORT,18:33:26,18:33:35,83426.96,83425.97,0.10,MEAN REVERSION TARGET (0.5 sigma)
17,SHORT,18:33:51,18:34:01,83410.00,83412.00,-0.20,MEAN REVERSION TARGET (0.5 sigma)
18,SHORT,18:34:19,18:34:54,83400.01,83404.17,-0.42,MEAN REVERSION TARGET (0.5 sigma)
19,SHORT,18:35:12,18:35:13,83400.00,83398.65,0.07,MEAN REVERSION TARGET (0.5 sigma)
20,SHORT,18:36:11,18:36:12,83371.36,83368.55,0.28,MEAN REVERSION TARGET (0.5 sigma)
21,LONG,18:36:28,18:36:32,83386.49,83382.60,-0.39,MEAN REVERSION TARGET (0.5 sigma)
22,LONG,18:37:18,18:37:21,83399.75,83400.72,0.10,MEAN REVERSION TARGET (0.5 sigma)
23,LONG,18:38:23,18:38:23,83366.66,83366.65,-0.00,MEAN REVERSION TARGET (0.5 sigma)
24,SHORT,18:39:00,18:39:24,83339.35,83339.34,0.00,MEAN REVERSION TARGET (0.5 sigma)
25,SHORT,18:40:05,18:40:13,83340.29,83340.29,0.00,MEAN REVERSION TARGET (0.5 sigma)
26,SHORT,18:40:37,18:40:58,83310.72,83319.61,-0.89,HARD STOP LOSS
27,LONG,18:41:21,18:41:29,83360.01,83352.01,-0.80,HARD STOP LOSS
28,LONG,18:42:27,18:42:32,83362.19,83362.19,0.00,MEAN REVERSION TARGET (0.5 sigma)
1,LONG,18:52:46,18:52:46,83415.96,83419.93,0.40,MEAN REVERSION TARGET (0.2 sigma)
2,SHORT,18:53:05,18:53:44,83406.82,83415.36,-0.85,HARD STOP LOSS
3,SHORT,18:54:16,18:54:33,83420.00,83419.99,0.00,MEAN REVERSION TARGET (0.2 sigma)
4,LONG,18:54:50,18:54:56,83412.35,83412.34,-0.00,MEAN REVERSION TARGET (0.2 sigma)
5,LONG,18:55:15,18:55:25,83418.87,83434.11,1.52,MEAN REVERSION TARGET (0.2 sigma)
6,LONG,18:56:06,18:56:08,83490.01,83495.29,0.53,MEAN REVERSION TARGET (0.2 sigma)
7,LONG,18:56:47,18:57:16,83494.64,83497.65,0.30,MEAN REVERSION TARGET (0.2 sigma)
8,SHORT,18:57:28,18:57:30,83498.87,83507.10,-0.82,HARD STOP LOSS
9,SHORT,18:58:03,18:58:07,83513.96,83522.00,-0.80,HARD STOP LOSS
10,SHORT,18:59:07,18:59:18,83550.51,83550.50,0.00,MEAN REVERSION TARGET (0.2 sigma)
11,SHORT,18:59:38,18:59:58,83554.99,83555.00,-0.00,MEAN REVERSION TARGET (0.2 sigma)
12,SHORT,19:00:00,19:00:00,83567.48,83575.84,-0.84,HARD STOP LOSS
13,LONG,19:00:25,19:00:25,83662.67,83653.55,-0.46,HARD STOP LOSS
14,LONG,19:05:44,19:05:45,83566.00,83558.00,-0.20,HARD STOP LOSS
15,SHORT,19:10:47,19:10:51,83715.53,83724.09,-0.21,HARD STOP LOSS
16,SHORT,19:15:57,19:16:00,83758.22,83754.01,0.11,MEAN REVERSION TARGET (0.5 sigma)
17,SHORT,19:16:11,19:16:11,83689.68,83692.01,-0.23,MEAN REVERSION TARGET (0.5 sigma)
18,LONG,19:17:16,19:17:17,83807.70,83802.93,-0.48,MEAN REVERSION TARGET (0.5 sigma)
19,LONG,19:18:27,19:18:29,83774.01,83773.99,-0.00,MEAN REVERSION TARGET (0.5 sigma)
20,LONG,19:23:30,19:23:32,83649.33,83652.00,0.07,MEAN REVERSION TARGET (0.5 sigma)
21,SHORT,19:23:51,19:23:51,83660.01,83668.01,-0.80,HARD STOP LOSS
22,LONG,19:24:22,19:24:26,83699.99,83691.63,-0.84,HARD STOP LOSS
23,LONG,19:24:38,19:24:43,83749.30,83749.29,-0.00,MEAN REVERSION TARGET (0.5 sigma)
